input_str,answer
221,3
634,3
134,3
393,3
092,3
178,3
381,3
556,3
951,3
713,3
131,3
061,3
718,3
020,3
796,3
037,3
338,3
229,3
029,3
333,3
295,3
723,3
427,3
207,3
266,3
492,3
200,3
324,3
971,3
252,3
264,3
389,3
083,3
210,3
655,3
241,3
737,3
498,3
774,3
148,3
571,3
953,3
783,3
915,3
565,3
931,3
664,3
629,3
255,3
404,3
561,3
751,3
349,3
459,3
875,3
110,3
653,3
812,3
024,3
731,3
392,3
534,3
940,3
891,3
533,3
942,3
636,3
388,3
738,3
765,3
077,3
958,3
422,3
601,3
137,3
504,3
961,3
274,3
967,3
829,3
453,3
925,3
911,3
487,3
067,3
677,3
097,3
145,3
823,3
933,3
247,3
015,3
194,3
670,3
302,3
537,3
346,3
550,3
520,3
263,3
6320850374043,13
4842387563254,13
9256492854902,13
0873378411058,13
6993381871622,13
5616637480292,13
8427425024566,13
0833406767170,13
6807836964220,13
8295929008419,13
8324946646834,13
2334118163967,13
5007023479995,13
8423566929867,13
6485488812886,13
6818556247660,13
1885692403302,13
7678338468281,13
3378274067754,13
3642682950106,13
8398836134369,13
0667679873216,13
6135763292642,13
2572152675169,13
8596342326533,13
3747432038722,13
9977885352833,13
2994756396577,13
0331792173171,13
8553827192813,13
8427930458621,13
7783450778702,13
2979863678246,13
3752537424017,13
6647806923776,13
4706352542445,13
5429274596603,13
8890689321349,13
7726390102270,13
4862150841608,13
3149823671015,13
1446731536046,13
5309924545560,13
7962298449078,13
1569570721227,13
5326730776456,13
2538981572513,13
1925690992814,13
5768120564850,13
7820613834686,13
5649569284095,13
9632696884315,13
2843185747904,13
3588204192660,13
6631045483955,13
1657000014983,13
6791847394634,13
8646389104724,13
9188144874556,13
0744307334258,13
0744859428620,13
5333839340506,13
5111837252269,13
3618888018735,13
8828089806199,13
6150172938423,13
1905007417064,13
2630769523922,13
6190713107318,13
1437560527918,13
6681142238483,13
1726933243867,13
7305682153393,13
4744282566257,13
8250115077858,13
4462451063598,13
8516389434996,13
8910090175521,13
5109320802277,13
6276973297322,13
8642408575108,13
3645325119573,13
3851359817400,13
7226296428947,13
8184623013125,13
7550217495755,13
2909210476095,13
4009299036419,13
9770086222453,13
5160287399003,13
1454700022437,13
1393414303511,13
1855220550440,13
8348422686275,13
5826534123987,13
0423264329486,13
6285557112472,13
3684970420200,13
1396196459091,13
7638154519270,13
35554556212917147568795,23
29358511101372128024564,23
35340173666766894952326,23
20241649645189083534009,23
98083151084982677609550,23
10140820496201360886719,23
30354358354522132022498,23
03345398281912364658465,23
50637561913248870172697,23
60386211074538247756760,23
25041220700885689349041,23
56305339248525513195538,23
75352528557408096265583,23
76952975195765285866719,23
69323188888847996808928,23
94736045915595348526249,23
71984202018174005375493,23
57535218504406607369959,23
69172027563559426946419,23
18949327801909835638186,23
54517538608756778137846,23
75448523209118787581871,23
68919310357855787247141,23
69169517804607720708830,23
89204253279658061094293,23
34699794292931205446452,23
97047724588642606512978,23
47800003217730393508931,23
15127200996216867635797,23
76518228304170651072668,23
02850755580272309773811,23
18482856664451518293296,23
90600504766939028231540,23
68052749889930603191392,23
18554937518367328785991,23
15621307298114131414672,23
61134885974389442179983,23
44499953822313572657419,23
57667431876813649752100,23
29663258918450674157803,23
73471495508459910266631,23
88611798744612362909869,23
37879596808538916684009,23
90953907300510923856354,23
22930648609745797159757,23
47615752166377302138375,23
49714406397748012102457,23
24360314312413313213810,23
98266676983276219472947,23
32707958081186101359037,23
54136858795540719515609,23
31932645758854778953653,23
96339574397951987207189,23
60053675285212768743487,23
59646588863599260400153,23
40539146255981399579217,23
17862225356690296163137,23
56671272067042247936900,23
31635134998866085653026,23
68444629282494724456847,23
98728382142703669003108,23
14314796192998062310745,23
59753229510820444257660,23
77388793706050281385937,23
17889098513490710197539,23
90930794334205957160353,23
27756243554855533435134,23
72580713434530220209354,23
09191683056734299567763,23
99862132354872992940706,23
33032100824728687883719,23
44449346208383831720396,23
34786132666472550765746,23
24528521977669826094986,23
52547750146916528229121,23
45850756012108156565446,23
42971953194015024302540,23
67129106425286210141810,23
96736278519646868664882,23
85048891392804018937153,23
54362155471479811849297,23
96983075157119936037572,23
79619554207972232220532,23
86707529612782172055505,23
52195886328003936055287,23
78183780171120116806653,23
75980289589544460262568,23
20947608333628172667107,23
02459511496072982501129,23
03747271081865911353263,23
95927376755142756866948,23
82250109223804006243197,23
09372818897705715604542,23
14095257831865559572562,23
46199845397122218083768,23
63239973966990198820698,23
43062950541592244480332,23
78473430065898504708528,23
20246257139290911630765,23
47781668445403426425999,23
124934459164549565856770886704954,33
678546997152962645795893775455791,33
070391481353437650624652148827342,33
047380391468772262698443980824876,33
772696950337375860055737734730104,33
735567206291550401530378219199540,33
689769540398602650198277621933464,33
149895504200443054982486961570766,33
156288971946582642356426640160333,33
159328832355400124216507237497884,33
534163153099876436066482655787949,33
390639099261587852594173294509855,33
071564383054562163179833065934798,33
549749360463739599929631709788161,33
528222497227067928198579168564332,33
274278113032919057580639471575899,33
959309956684606433731215557008426,33
115173013992633468445615018883678,33
514671663809111956782744433501287,33
606452388118515715991457207381420,33
397229323042476557812650037918499,33
914416918127445299826619551689320,33
262930179932013220143694687464428,33
905998631044641426387086475329795,33
977178922283897777762424403496035,33
334704483211052784931868895760604,33
654203789550955428329248308104945,33
642613351501687112542242332994725,33
222813139052439720336540445796187,33
579128427432725087030439587857494,33
235119537706946987800109415124856,33
097723723533167839495247405468536,33
115452558967994443444483386356308,33
089724747799893012723738419471661,33
321385613639917710190092871794563,33
264024471718181678755160430145644,33
598028857139736024002352639407175,33
339330401246103735769002647313862,33
913538586078548384558339735291345,33
994058981374323615947165253350372,33
796624518184904034531632426234473,33
053265181624592690680488407294967,33
643720636166478618399610082526168,33
383385682490129711826218267551860,33
556342924433877715455459040461986,33
670990543093015781427604143971769,33
332470968780921699724622559710195,33
590946282741869431361667372920248,33
363505089422126742531742238120323,33
190526537652354347794621095699816,33
323120731025506820099223077192674,33
424723030349351252420213180013421,33
770940275080086300968751307173130,33
041603502770112109953531138285915,33
301937568793365722888896989855342,33
316408027590815336520883652240138,33
682555353713788122777422092418792,33
467810015467007998930137429641094,33
152696357769836226974009563161334,33
804008457917292218231952910979665,33
722574087827888045493871854266771,33
724805464736227368624918605452643,33
785709251799907136749787628463271,33
256178269410757789250926509467204,33
027737543643061826932560413926757,33
591973384815786130539103118090067,33
018193941908771399338750294151207,33
645471334198765448130923730174980,33
245434609896319162418929373886042,33
282642430423693039591016094804194,33
928233646875053723022234510641616,33
525484262534843661662364420410673,33
687494924111063663493248564872289,33
039946746569719835440747612923428,33
344248702325107238791949115116516,33
052523548053288479547835404579267,33
107358382979910630088512640280522,33
429119428728900926925607062584169,33
020124407935722252546130529152011,33
295366827783393879428543946271078,33
377610144039899845567961660618681,33
503869224944217904953565583702698,33
129409562578863391499748801189655,33
692169709539385653916603606072797,33
620738161515633705596216170669899,33
616618495988520008572263433269814,33
539765339960302582603340048211254,33
098785280725930557578845279465020,33
714490478716978702030482241071890,33
611333725292806424983018995111426,33
132393112810617659504903464953019,33
537564424741843572191390146443800,33
792667459465515389705719348041119,33
125074872821162088776868126106486,33
662498112737681278749044170965833,33
135280457955676765470239825731031,33
684857435323964372319205930559315,33
900672221882718415346911011379798,33
974330269280818202567558484306929,33
478005933826738552911058135407342,33
6663886877614599417442045442960415879175865,43
9357707667616476741122309339676877005849969,43
9730087573989249034137129691901895151721024,43
0314086150378065798249447514359345426548751,43
5123408008145126012001853923610609801570003,43
3107080741370068377939303689006804621773357,43
0449886718520122192432517182665152105603815,43
8238427940530287958757262679613436129332048,43
0716284284149328186606140257988418978554859,43
1697967325686435820452950814850600454160151,43
3266892086202185512274185844969134808341767,43
0900169604953855985830749802471178690097445,43
1226428450264814696247550861723692660761836,43
5653620722100307384893593037323765861628866,43
2923810518585975249569880401372508729466589,43
5298379549997723817455739789098445277569981,43
1565336832790428146034683914688528736438619,43
5881245929267903372202929811143178363675653,43
6192314943718796008135341836497985309665611,43
5547064944671429918235233947354529337273903,43
3110928497785110616257245221171442539025293,43
1129616614796884111335502041628454809950121,43
6963821966468760836022509687191186122028772,43
2781935237011436988865276962312745930201673,43
3417908006761407831416769141760302781005070,43
5745401708305086658647101819759887633473283,43
7687757183589107482950324963736597602167885,43
1255696207984359492739795114536776855832928,43
0477585668437486128410517095369033621898250,43
5097330512835154964074520176005106411451228,43
1013294309160171523404623002688905590587025,43
9812013825825543241566726059055967447347298,43
6525139626218044910443390822684157783563378,43
0826008003043814941273049497445853971820966,43
9533710874535415504377303918127307162077005,43
8215213817501167543942263713825157948149654,43
3299883063175408307770456681659637070147035,43
3986506934269942771765648986045021842842653,43
3733047113045307698172689599115088730189285,43
4781105673057040754486614689179583861205085,43
9111162651015872824001358070060431432832133,43
6677851966192886556574662102285516381101671,43
0131981013615455225294664969236041614175035,43
5098971857046962566442467204697410770777913,43
8094859499260502015882393939156978263748027,43
3328923165837929754775976707701164116195728,43
8260700100375190562536064240721483646129492,43
3171968588118416223034805392661197382282481,43
3486745643749176443235114771929858804589179,43
8125458859720561487848384304362908744965648,43
5042726677627601629280193334370896742786129,43
9649590836084588553662680898221657062789641,43
7913980784996544582017886399226142401097075,43
5132748562811779892300590096483443738924707,43
2133476064526350034604559125564162034604937,43
3345372850740888770832361002040927695482855,43
3190264857068877206964435673443763270476033,43
6591946253993708792385887154946322189413244,43
5310086220397901865762972107043593296762714,43
3374808361018076689003174263336760168319489,43
4016122632416674512525659372637939149799782,43
5197296174857884640648579041814216940018895,43
0336524708225409568973635019165187055716705,43
0794459906162063545807968531075204040553372,43
5501103580243355362872137479741698614545395,43
6778141696967826678442413517903113018206644,43
2151650033645054582346213330678191170103287,43
0595854578971749336469396272707657480170511,43
7997313084920587188666254198037084911693602,43
7739801786385612225748776362724925037710291,43
7855234266664170948505152945798829468409538,43
6355195121156004790343243705118756529147152,43
0709286171689813108057804205724946917175150,43
4847282054755949574051151610088788699398760,43
7072722082508430031029189455821205874033390,43
6319457233950093120753958364293871958638047,43
4358724898113824648639562247029939114569725,43
4842042724906676315094515390363499687722731,43
3286071467039867656170505525448769281576709,43
6499770327336639912020401383180442125724425,43
1747703392024713864724216118234042963615653,43
1298762246008709219584841882486152123439533,43
6190087595252821291601678510980705125202749,43
3997436735221913560909879570040110745479225,43
2300765750209464596185410208664167478868673,43
9600536169158377611914942581117431294168490,43
0884039068760556049589750178873731600854433,43
2784763852493409602653445244848390695205044,43
5127617783616546384434506698280215735312270,43
6893773238533541461405957885991381281261020,43
8694844286759690822191178797047251689367235,43
5089474835348592990438504695894402398346853,43
9343722765875451148423439648304706748641314,43
0892720359064376708501832326538696386136262,43
7163382225555734287961470568963197439195597,43
5885558819707684782273828670371061582369388,43
5810456397255958301251592037602402646634289,43
3859258349213025865686413780904024118536398,43
1552685363207005706555692537688233647445281,43
7610581400234637739939460994914646618147917,43
92415645561739265873970766741276754710648122610675798,53
22569033194038278555064820483943994089461461225315869,53
95230978506402120800898936311073664205306057964166215,53
42566133513121168858578972475945440133555060817565583,53
84072195568112524916240119365152551158687176536308220,53
05547511814163155094524873648251501120180078931707070,53
07050732258443865947837730848360399932948232307506811,53
98714081900221267395350142493181222944591567033412355,53
82370594547712420805765119272495466155981083524973386,53
03147338700903384041916191439657311036207891596073841,53
56711292725985412781276112113405175124862074497582620,53
74935561751596448404966389607768906218487487137850658,53
06959456461589382802353601165746600461895911230141897,53
44381258739613751144865682949183798017156388917909065,53
86247419935805130990076645308332656325604078237278532,53
48957282176157937390155144160054732963206568192833836,53
43467072621710301674030581223774470783314215923572271,53
69778304237923168868681426406264442308551193796671599,53
83145234357871404606144898788738866866663938701718488,53
32861105711477459841128329914843225037807266969933663,53
83367417006304619165746708920468712423537027970672755,53
54640500030896430472539105037006273941823316201456070,53
43753788576778941873367384052450122719464118506794104,53
52808447969445204397230699356127477672280658350847340,53
09799973234916273249917281419880532987863187430069583,53
94433386960897445405257341855418544970340394405424363,53
55456359960117454304430072230196221243027472750513684,53
96986421938702100240257740457785933414200183575982995,53
67023932375410693044291271770482869212257268686126712,53
08544868914862601287398829439828527169674466396421463,53
87103214907985637114969511837734601533157132583309497,53
74266618722662444215584237947807296658708013348525908,53
91310949200538909137609640261343942765863718778369950,53
25358077839691755569568785494168102375417851598254235,53
08402019301104842667867570389789319338181440129785177,53
22288426254542924587982896893810788787485621706217708,53
12815807882330513454953775998603225915962410329185451,53
52039235445390436963081143545090751006526756138584470,53
79387814865869934358887934933740740931994572003017529,53
55837476637446477253468877544296052669510860676711104,53
79817705292282184178584281988740067055625541974263596,53
48149454323520703375846294211696373538071615699163433,53
10710802361625802601514477639384723743249326159651827,53
99893382620924523031887943725170229189174731433410579,53
52566420501632695302920877511328992625231433257375784,53
83083477512785980412149335314165647642057899235145506,53
11555242968978265223677407839682122229030142743878696,53
67745338566705271190279748257699549483258991296763180,53
73044210786872906553209958395132737595735183270047301,53
86026778194026470383169027408985952063404787862824155,53
76410601760074730464362752163418504421264401219175823,53
94104627758448763063356380528584395404814117842628586,53
85166535523419343946331670375622060586891264410971571,53
27260413614554132022586853044461631108994286817537723,53
62697208745250399953591273327671208762854262262125819,53
82594607908736125903004115862957449910675442271108561,53
50428681439300783137538561151862025838083201564417672,53
16777509595486392139614503507748136245458499916751444,53
99007665949791039406133304713745915271982303738569817,53
97420472678615621794856082727072807694298260835294475,53
72139058174708008668359583804854799126351246539346118,53
11059946628961894428984505619147182406689373986624133,53
39444783474191865281188038502365243128867510142989772,53
53073695227483074945242790737907195269946990721281890,53
87197269335952777981987127991781891662948243003658606,53
95162262420696246225868371773345774178894711416668692,53
81444852750463411565606405164708983813301909080370386,53
34665065580398851834436396659982738142187367882724945,53
19663330462171194411738914555974446870027321576207884,53
40294034680666178842548058182642395994567322183837170,53
27838462906088764143739038285231412764051893030284466,53
63267226717829630277530672324139442052125769307918569,53
05224402989715442049865867010637289198223761368894319,53
88653411783443136537374493423233735209418814704435233,53
95073925806275332037780403303085623737554974728035898,53
75216482387873245349153579012444996596011262886020984,53
47381041858967594580109891103964576073946802160141200,53
89894498099318833740170974284269243753957248044099140,53
28925048548942458029545134074840893076534792908505020,53
91344469663275183988772572244609513254880543510719605,53
81717512960104914716987412517107561280041164112149489,53
75935730341925779169195894829731650391890650929024116,53
64105242422059813150462814555003401081704100173939864,53
39395940705072469007219488596582655628157604809356560,53
20234160541269326053556241881117991537653688950880017,53
64624576115483791831622978292279022794171975952090527,53
84246419724076184232008952775032868034587902029220350,53
72654628146220428386753862947764269060983039657622687,53
01637739494600472916327947850809660490570676245906544,53
02081287023026264652571947623121479484000490862003241,53
45483765415450988898256687894140904132449687841485030,53
05599271117314049685233891260252410718674275460091524,53
44216019686683976553578503083285898533488770792027955,53
88004288065471558068799754069330857976924383615431429,53
13511043274371510282553762382481415427804854810163105,53
59469181958381813061334412437389881146360966065843357,53
95344085004653994100937778471512072669095410731509013,53
64852092737177153522079330780677915249459223361502100,53
76372357710735986317799156596005547622294927220350556,53
05178093126318037064000079973216679875636373655894406,53
388697550461540298823226632413866788929472149416173529823435054,63
659435578161280261421459420176013203460886432864920714016516398,63
742771490170367624248146095633643303649971280486844141480544979,63
150363531774755814183895346359222708062186911819322616988032362,63
679139170167723622111273470870205160737581001416930354046742867,63
690922521918603930429401550619995944980193123621104391981775601,63
440797749965717256051243807769267092677271490295518807896056482,63
087506462490055946613456920581441366161838261058211966341412249,63
534139635333336413765199188174863456877649187827332660849581182,63
306788603502369529289051557939777180161175235024489116390209665,63
726886000443806861767949474999205519612640504515497618887520920,63
804863246132565696751144827383033798610807052221170461315718851,63
058071399276152820915238758957598944382270698463371899447327593,63
002253755853293658634397879051552455189821586861919849670140990,63
223428565938663054002995890400282676851504603791585156157625426,63
821456385691318157953719845788307030717480298424216040772385392,63
735179285252533912344215172211985554417470867509691831166499096,63
755951896134379234080433768666435512232906995918277759630370083,63
840018855348164261122341704405879866867960347625462108370806072,63
148839586984998360133573756554878434203368894768163340419955820,63
135098121988218969792818295187224884430292319131270059821229426,63
329718167986862823314782748780953679298884225584343707023353883,63
824049844257590237349258364107601335448195099995434078687681320,63
062703725335295899296583527704292604040783001360416916641271579,63
593416491060668891472341729524225038904130548325114834830806770,63
117440373613027225413674842695044410495594281013038252838538428,63
620247039485959982322670243788635624295913179220806679527014054,63
194784370763983383315718754696199271165728487202564842586177057,63
511611936878232035615371330946383244105614128110203239427065725,63
207248547594973116852589019513198093742998769607771419667728594,63
629296573204839608803785280944062200316113101677830584061009092,63
803058641104167217748569375533112029144906326727431175588646133,63
510422119397743375637247074069024490939057511561076724236368474,63
019087606808994717691119865124401064920911229638172151845247501,63
903645273130912196221004223759539767766936004475566994354626555,63
687934750459662773542447912592656916846469340049877826069561110,63
668858850725722561476341129823672950475348996187867067702172542,63
327769516891409397644638531851161012289414245450078653466888276,63
512772128900902104120941554432482812126158204398492462612111368,63
311713641239545411711046062958405767402930585079182095169888182,63
295684404770972744164150970051443344596591434485802291263805977,63
382617249911140485489194457800555550314866659426198159643696548,63
461511233226840284819982958813025313161049752312377184530281008,63
990509998538030901442204191088713754321707619486594795684126364,63
506410043023442074974805989449497336296916833143431305813231790,63
706575437518461944826843640695575734157931903785948010420166689,63
481104888463516917211955480909983366900361604003947507839782685,63
387466085308225890556473612477622944904512298683800603053443037,63
098829386618046569599968611701641855140739116860736087438295433,63
653468077653544819300552890123961016990989271106217030566701902,63
974744675229883047232336528247932090775619793765884012943757870,63
990632762277022515878730690133825027417775419769103547019460381,63
317233207238189260168226864201722200767089963476285934875942026,63
241146395188839697643826108284028497312373355772203943150133948,63
695518145863858036470188809202186705928015830756175406847903172,63
447750378295679127506977365069606623228559084497250331774410452,63
532334141135531417537651194501156853747926190840511575936725056,63
834178160807290103318149897685084251492584460255069463378517023,63
068832082566097234757060894275493012620955597052578354028812998,63
912325226323419631249125797764076241680341086412414782925446706,63
458413722420939855034663442541227226102853519776036375883060273,63
228621415121816074394116016602149866174632313755188404060432866,63
634794605554992857770313534961472098632023197228830487752633777,63
533439431293116315379590095207124343613335956840072595670000658,63
722308260919577752535603401229602958924430851372767027044760995,63
809881190274853842472992709400682113406488704437411816309899693,63
971806267796767089195994068996753170395459908938478490459400338,63
256104654069246339587652593124984850205480532594299242833476332,63
354548221391987728503483252916557519101665616890098957275619676,63
144929708597618991313155250379675139971342048680279306005431651,63
481796204527110939866325417402950766500391678164828206853134835,63
167452678917042721208996229229116952261548564254154469210872826,63
100940345937060240415099266263780841394305828209635558926298206,63
769962844873972944456330439967853830605070343247244939917029648,63
465387110729125136921935622793817655113417850796561886322172156,63
761075526673283744530983772832366285811458235522938731381295053,63
084767118788435576595395564660765956288148084765401225694512291,63
048418037046367896675415618483702009683257298380513643103226640,63
741162061857780823570105495426720383261363932907782777439715236,63
541148478361332786074870432509166383917272281733342089910113232,63
188468701875368832731876491435236451997825743460204163842105011,63
540052727013174850619363330111186013744012585920628090534249193,63
198824754330236652630504478552668541195101140674509105920434706,63
877182818180934453085156653784411948464293858450546603707364816,63
762666379337505025117525213357260620290040997489434211863232220,63
951549869987997611355199427843132412087227164734498812900656198,63
364088520391119568761075304727479510736320719741336149866658479,63
848993571725281734074491270638504007432897282182384484445448729,63
314444583359810353788405001516247570927577296784078879833400168,63
416994855795575732249964795452456739780331904457746487345407056,63
026035122526466499794083688307817081885116348717500333726745172,63
530898972527046928202432395466502599281377031471863427296066907,63
069981646234116110123976994131918060936088435394531383034865530,63
321002544951409482661312466898689095076019593361526125954973259,63
779348232829030163408394824023606111583373369283951758746656930,63
027444732364929690022895529776897209244934257520914855107130897,63
934459806356097173904348847514856485422639221817642999642006631,63
628068926994541447278978936338687663368910597177048608493187618,63
237451307310739620875223876128369002986359592072708235682853528,63
621960313147365585038688643657377569747438605935073048853006763,63
1934814559393505312425711070659784270236764939838079954752321454565141204,73
4235687522294477398415406061918525398268377604812638447830228390742012104,73
2455004813797932921337453107446750623828597577854964876417765472478724910,73
8799780081944940787850547418582010454756881529380171070013165860919505035,73
4766682938083462318408788503603785559696420863388832337596965045927293249,73
4726352771805184707465775493334616404433459201661667857830718219152534217,73
1053592907514874153989512532594071468450175634467180453004479883112335173,73
3388638647245148173495200246822450367498552566838273890709477295418983169,73
8151493580450524128207759795153400108936416056663410003276211606148870983,73
1577293021942700166508272671735191094073062730687576957580074685096522059,73
9421264173662427812842474991670906642630043631452175240647773419495890089,73
1698299339932930094482623778043591952557541396587066291532656514463129529,73
5619893491146268238137560096692637280722288803958476085357078584577951882,73
5390719482634314472606486423065858325904474887913138283820548931091881214,73
1748304769969700084726977682222560619835832437098855376439671037155393663,73
0791677732382732479269929650554435736011019198852640231698444609656113256,73
0768442763747594826035132253297080533781340559936262372304212647932721692,73
0570166376878432342369262635954003466651107717531792918612319108712631918,73
2974549703241057982838925056326155703758792205910306837245174369218504512,73
2908662465500392405241202805927831975606250027280032818011422114357348057,73
7555975404203824617898836503587602330259765439867861729510977655911300888,73
8340290752776673952444682003697337511006799868295656105379972325905519266,73
1106803581778308560388287032068680333158548504669607505546722617994545272,73
4084968067203908455499178837700926951999668573750262075709268400716159181,73
6726544213644513230955664778748549494751859939942579090711440906700865231,73
4215570524066390830212307691266360704240039658528456551956521407435260578,73
1617055996766290595589059837664402820917060931711706058000438684907719272,73
6567617169430550486155577149522083486416788768208703260993812788072572340,73
6283725537186324515956621720682490480724537711968663156263002913935369320,73
4516763099159151047763479726362504957822618808317982791231822440113991569,73
5706409761323026267594752152600949011116165166715485311100515411584799168,73
6624583572559571956883262709428234603980098357984484275165456098600422052,73
0596741559094454813251632853970741600054498293685235641572642580433797387,73
8227301016378052303815110271999128446984377366987131697212423514790953433,73
0661912442117404164293950104357248391989757299397646834302225183546599965,73
7974152342114450670943336038885930526583159255340882760153310219699635462,73
0723194845252229791702828957777574655687107024275090067986361140092446337,73
3079516039049080851403399798212303851526267424137187067314932772075545097,73
1096523644443827262111621010820132760409790000767993360920866324660209488,73
5107984961028276141235347883646886929133479277109142532923826984761853944,73
4037914606066843437266120974980850739318059187175223865986951463875549745,73
4204828614570011203238806585722413192335764982339316832636954856974190982,73
3010078036768785878494396987019829736146050194228825835559416693610512005,73
7194020785310838265648688622007517343997802071334113668206468826894774300,73
6122882540011247949864878793905130686637959579853456113075020458037449932,73
9787298937369586043564374789121149346597750776081924866019523612735358553,73
8855520718727556080308752647290235057794684188282513095009500410720571018,73
1605009569270898244820691049148231645412066670640581334532870817095332545,73
3613552463836042040015385482888652252433663227361779669100942346689895046,73
5944155989662652703440121740867996992339873174789873086576310062571912819,73
7961246301812517294305626595199385759987992534063537270299762751942859795,73
5468057463818244970666874332767595390436413689407281671060587400627785127,73
1951593933626273674218529764989076863932591498148229115488609570541350647,73
6857405087649478047525309968562289739473364601038789776807338799861959602,73
4953037813522432914732048406185758153841638938854842377630767154437303967,73
1280506862977119022258760632531588684087589030821510610010443321777209335,73
6718863908544607953640792304749686100780849881968642042119587348042050057,73
2914651678444379548428333126043103338316821279394392495756052953862304921,73
3373192609241576147873043746188773624258071381791827244271690717491116501,73
3151650125066033049912637230181348587563114443396596302290713458373865015,73
6562557895401012611219296119297306321804271020814048764373104917622340878,73
3482071592208315590834782954958365356031783377965921807872267467140773766,73
9158085500242938332385822864302559400953496555833112743780506444767685280,73
0124176506080424576885365139960100142498722580724170606345021615029086370,73
6433456901957260913375268699301163217266920662642540497893007815934002689,73
9910771046825450036503844523769479458457012007778809079520396362479067636,73
2488344550374586793874654256772530365447082563467422356560545185588438004,73
7398233792610616266143301536434862277347800660184882942273231415391250236,73
4208914499003640900369646689381724661535606544451734384736842410309265190,73
8846041705807708131894610692192241355607073458684974624005695550493619013,73
4147370942844937664901112215838301145224621909494127063991674192262074852,73
8111355550893422320860208991292581158916608371645143566639622563499404710,73
1800134800472496909419958893189711374960046855978551791975202765623290843,73
8984751865280253228507558865246273400316800251833793301010516579445628635,73
8081422511109001754189812321972380495768990253854029149811760769128275767,73
5623750883022840334910417126579555890792508318784078381081186369511686808,73
4798580107076434231786310132080645929632718241520525056696371615404460154,73
7146006422730046923105624485047281291380585096804461437633587072647957910,73
3877595101146161835611775687790908753262977248805719343572626890404113834,73
4975596827759930465084865452120031898736763305994121170034984542313787054,73
7106235869780980304533179422947812155294937773052680238707280937283953449,73
4685569630469982042621420899640711159605326819812990671665867591694934940,73
6088543909039350171234223347253509718827765550225425581820584766368340833,73
5714982103725863362366006203957803247623221099418270048764490287861687989,73
3644631275735887293515285704525872403453407680229932387240833442227927837,73
3899995091147408958633896575618762826430792003880404819668322842134966399,73
3771601338229528929710573707565717659926270317057755286754209936850823006,73
5365873203453132386753330570000819946558472032310859062966872427793074040,73
2637435846205453796467628240918766580476342706039236227338084742818750191,73
2026159539087173357950850714410492617647201341925104052112232792416083699,73
2295341485273717129555613094289589577729804154969631055955659008957672188,73
7010816794869092115939791175472759233607546595311811023791177412327093765,73
2210514275339288003807326543750999769392937389920525923515733457787751982,73
3641377146983780161839332752499886559965713026952237374252395230600080439,73
7514745255521724013203888842878993068571806329759348004658517059431918960,73
1072876109282834847528928234438163145389112536210057286039336035598724479,73
7652261315279719198205425281955780433027321531898170712273423136315972696,73
4469595649738486492049795541295728621550331984350019791791607781222760832,73
0796433330882577664975807191431696625728987804162041219653720359974100516,73
5546672182916412492125469327593248020659727845218028517179876002807976080,73
79042389145929914469567761072946678144706750770566162754111608062182502689075727540,83
37090373906093164806220977411468468881088299141354370035252592618761272009637857315,83
72020818148625341616889292632947804126679619246677675521138704662264842644541373571,83
89974762509949500001800531645012343555891963608766372101113357965256817591295555880,83
75627292607116544393614942560638457266857885053716268396986406302712584830739298042,83
75019755316900856629454873826558412963972936350140043495679099705171660995338569336,83
10174106922348679616914487729707814742635768995420222231824619922012042319274950095,83
04183948903243652075083355160512189008202405910289633833435686694196592737744873784,83
65234869227066504277798061663277273505691338175948792722671951450750464248840480662,83
95266587573341951532874936430808187324811204951460007574894959002358626856233298409,83
27333286216253148509011347987007731989917023525545815176362750677175388130049124270,83
04511111423809755216428021120318824576598095755527733964770860202770475429108937917,83
02252690762390473246757744014662348933061516840467545595102935973757140517596983721,83
42424379748880123984377215823123736020509560655515002408610714592744987155034076087,83
08552917352961322656998825613321940822310099924952834817695231651587273989246321486,83
42906917521423408969210528325257283203232378599763172932173204976927406643063864961,83
75467225850077539509026910155929637698812318414508358829281123165957608025206724172,83
24097437123454191599076328973689627759334896583135294557386082706851654867618446121,83
36470772387646054030986948147608472106065622114304580568061211497394662655467652890,83
99707746467140057730129241714599637048872018019489207422406285026462734046649805907,83
02596091958661027191024025936396013278259754715660033767675605870080108416777892928,83
21214288425406907937405620519815848563428451164453229769090256911310215670770502258,83
27231613024773721611664513327882456477813227499037124296884649508488542748679618039,83
69123460670074700306380251566950068019974097011160534240951756024916802040139882885,83
65327316483658515877201530905853272240169272824202110768420991826607115058417211956,83
64545856737216132132985394181907235052629523003358606383176064413366925698373901696,83
34659658406060837672915968410026591038647687251494640818855755003406297120532855385,83
01837855799236904580566431600333294905702739365627030431577628260545781743172695988,83
77942377851275408364589186247772317248070509693509827694078216243158404858027408193,83
79346585993700462541280436170721076570799243977402888197833052694811078185258627114,83
97383091280845379799700112152768694373338473081305352916869105263514410109850384091,83
33498199579760684278425091644266510791863640116654919723165387134317060361548361495,83
35511411672082082619198534544733555468501131170855753934970309467289449309548240539,83
76019574548278912457493728001378119846320173252954785311420069031624526504821028446,83
92816593557456226859103005504838975038821384439269768155811068901364115937486121584,83
84851012981724414992303108943370567475758860811353202272670175916594691573298665305,83
09924376098487161686635758824286348204423004407238711792592707181375008875157512608,83
69488989617926988908182623131903651352626087740444155048708322861410833227828887518,83
27945106825148396594160097448283352874722018630794943032862353873763774388845853739,83
85454465223321449700853219140117713205865401223229717682334293229109688582405815219,83
96986320222689017332847933133017240457501183751667296530493205047296764810622547972,83
32920575971385548997558817785055623165018802843639214205173737984128470183193187998,83
95679811550786701572838693689964903291752656888629663482921881364844078620485477068,83
61296270709491665398461264730868195177728309724154889591847543079872044923798242739,83
38392877724247622232717088213859002635524298730021647704916843889701466446326523372,83
83299543568387093074965340070032820690905100994959316157861582229414108055671876969,83
17252684041303637573390046247794870211557785705893953094573352360554168734968621167,83
10899604234883795594640426269521373931044156163693829528339144981409088244667461603,83
66517739303536413742269598521602835295687963877202234203050985653439091947757383428,83
62742841031680677156635632282253214376662394207515769595093608414321546979174802154,83
45047123330708344411821599285133606910891642401541391529915150332662113455740438799,83
97857662302305571305674415106839789614612697878731636407692129985232980304220236245,83
83166800923653179729523535639427178243821922331886929822248169411637897345181514614,83
66751391186722188617014691272097375005253358929094685825535923618109859425030280728,83
41461852374372249197683622613138549693828474003422279432875225959784688297180810822,83
64083481315072715203427483923941424533401646706441304080122927313282580096160288122,83
40633794396827144260959632697023598544314822226333936334939022490853414124062951386,83
82530446472525551781918704517428711986622746828704818159954102151374631492346255051,83
34232904408997042297554473887032356523325098396019689800680871225299048072495003278,83
81736185201413411115345032202057497919977757751836026218873307678563656561752095980,83
95080354154071933918614766842553715076183217008914027233379736949688680301300484045,83
68412342647834444134177003791348173475955897992802182158867737463150520384748343877,83
58488853186689466027026395808224633657274355822487001503601461711897849843517483126,83
35559236635145205932802804611898474571293316385966480478077391725441300479151742922,83
54154387630024456982258379085698131861243167379885098845351756736591731058169852325,83
30329111610623987109579969069189968196561318231156941422205529016225888613807683770,83
66111792418951287515288044969480991446662304685208164443967987909639314713865614483,83
20669604030468239124535683355317907918667938162320284549483770389004819061251793653,83
07103298070198226638200489904061890544163539293983191366761381243438088266184316430,83
76131974885091551738239977854165357635568517029157086541395977609275571084062476935,83
08870428668048079230381734605365283216912243011461987086629039033834842389001268852,83
30117981069534673120772284544248606870381902074271104793428069699404925096363379901,83
77731879176927854315493127193659477929913431580663630918634615067651536682986681794,83
17218903316887931207669024486979553878042635645824971607301890308631421157139247620,83
04397421896240557702129430739214652418721488054304792946515131899335388705601054694,83
59836198434996160489551688854297950830306209537722662844815238544577520048617162274,83
29933770426230691456166531579547688122925217347233336724737517937062087129788470895,83
59517922189448029271439484054486068416799995277644315489849514062793356370759297853,83
36042663166564856231180489854429414844614158356024118508083015827952173267094344414,83
16906397402523694376369925476002845639857151853056252336070148263051487666161580443,83
16162136423935215764722433504955954860031030568471436345487939930997979451360159248,83
13966377103847149712367654419367387178367460476715499160284357819093889616947570269,83
72854981527301787716506534325277491317937678580354927552758396762298100029414145669,83
95037901749160638141351017856936367389522249890642020817262377353617128500072161281,83
38563631611267945241378142982386390289756728585546962715510415926459930004759820642,83
53053492748967986451093121127924243009517245612448020863454340666676494621683452178,83
50850201336736431814673804193311251897678939241305966405294942649261302827155892924,83
61240294549495561203950562340499688472050489669233928458604285946225936362597618901,83
86937847603391196382506315064542663851312337838829495737297230558956782026173631678,83
97164624737311996149553984698006349017429018454157339217149028557365673721410617015,83
10702144342704516842377450331780135646810654226147913009342185321900962162727820234,83
87892864230813277962763222473901521101393601746628104616532896179142643745032607433,83
54575074193307029565022347310215600628934776032701035779259337163158141454619444160,83
69749253459466968577650367695629345673628690347684343235676403900807625840192828036,83
86349759871622911961963038143752868888925299112877367101782884072257549565837768569,83
81901820009490824567415187729974037117307438330187082245988156930166376745721415722,83
75972465514091207665210611319599470036149346575136218961502959524456488478350258872,83
92331422439727696038425072896335202323168495451203234431044821913802997072305147514,83
76719271911778190964395464697237245915123827261686265456003258148495707429765664486,83
59928728919379730037765981056824653816312299612916511479895592102861075501578600023,83
625240496214764421963456673530157316460532560287172473480224306565906201254065040751651040021,93
177226544180018056757328316227379190656692464901696756977870681099101585724695831688402193725,93
216678801889622657531989285052376975401968443465193721131200869548652514252745830444111120177,93
039565547047008352051973548074079580681888991401219968475626569505145662096430620740627606441,93
618239195535749846345435940653812900539996487508681314796632791540169445250475206325296891773,93
045929661770128773669790893790803887699650239497708998647668716443025771548685409570600265768,93
562307572676502983328642356548677887294748176540269464923688728271643110754577906263164062826,93
581006447688218634600134283657052191494071895076529628191239518060964994275757690626205806551,93
935278816679664325915607057494024965508349971677340573946083555329066460266204416446927729302,93
850703686562315558891693019952171475614746989707869536018935684451731742194895864405317230925,93
291464749771201827464992437694657169536181630081491835328548563345698959409627293620574217212,93
104670362570371814316881814019530007625779411951078723409065421099928957355830874213828717055,93
293971976576359399911209579230648676970923100908378493084118896227178954437124800735225931075,93
563770328265252525419954207829159312306616280924613822571130599735259806176070456716438065797,93
629941337689191082195795942846498248904505416337543985859405284341767451180507294563264184863,93
449491281422786731218530458029333070344042729142342627219612386416745555660920822344754548313,93
360176290993798242941531572397799419421909023327462582353240849997250921327220521071595706793,93
367582711508732720497421317151695144005495780458733427922350252975496138919233989198968359678,93
802982247077578679918725455411734924883882956933465205613368046823474039352386496122066481311,93
426969295562318358270539430027411184094064041486606290588438391162618723150718248893767840889,93
208659892722334211006168980342256051840085437657415836444294219247819979120548597391360903370,93
621875701402494386793384063476006010389850534110776142759188121733247406069721520835095812893,93
637958146830266622323091914004264776714000622545561190701684624323055720434526166794925990201,93
678918762654296756909620697957053907115081478599030901309890391313122868578096422340312612466,93
469513658935468727066976098352361573652972391971325471333567615004548269179437241435548339545,93
317966475979776495322391731545772586721316097367854249343259464513726706280109901451356785152,93
049547415683124462310985474207666213470416571865384341253086288652555987820468996478523596910,93
501943588764234939598184114745930683758123082357210531468668669608901866196713438328964329395,93
850927363807479766730198957332178521220430431740474846992717923657953792664359248583879670700,93
554644526272133873082894861691426112362119562089580495269205673304183776508911965496626996632,93
665593017355307315596359928895915077889875926020104229909707333971247305780071411886402660654,93
193005172100785522010649300103046665875061287512084614371247900703275164471020000730833634171,93
809552623244475970282076511688232948880431433354479328367155317140321882313805467967700204651,93
391969917468872938134126180169797960492136090280203835925640061116267602104364026701726240785,93
142263734074334466435989085890063262576005111954287341426387385702222955224489376342297777036,93
950296959320380210081639382345895334247014454200508479231733245098484674556119430615220826242,93
970499746889964246478001467315799007289584016795120765193268811775775096791050338050647386230,93
565987847774674345138235621460088039289834785810084816843867627746826462884890355984014548938,93
201934280716298255939934772646337678665734043630232732129857198505621513820926077514676875974,93
987908691012292608536877013208194042214853371882228595572758308567176445882154429793126546865,93
510915955981057501720322662076562358283260305367266430035458995141208645258597809586689679977,93
748827304732462589145519421054281864806643368620852345197897179709478609107687271918313040917,93
160866267309876707149049864257714380170390218213891773706056345743631401333200999713555258811,93
900416886028713394393704773158710067671224821217203083013787133084273652698709254264003297114,93
461086984775231546004911554718582192308916606381756195576559921973009563264112258686615918885,93
287080004239170899490216917610976899186815677545313865942212145542606578997637420472997496252,93
157493250772499487119645243524127177723599389643091880624335620293214356442045947282493308805,93
940340378769259676279523701755569928509126744460196255028772118871397950125177995242624070757,93
181069211844077400941569175936447073483243363122635613504286679784390559572706668770970823900,93
322572406814357246776433557379167596192144023688236557055949048232757318780804968788964276574,93
883814575354550106660346485034533455290523577308887089825917750059362714109816971929230300533,93
493967677954275623730275385902111334979392945419145314680531078357379532569799633402875749996,93
483937877400661305992584420859762779196367456564437252036828675751841793578799500754979763047,93
346660166014819843397070620447225430884461111357023908900536696307522515972106965592423216084,93
184279652586536263009861537900662514434363263193255191250336506360395202936385784901390729166,93
894987736870695130076993065380344202067523613991094210995290936094380796391725164765826914885,93
388989188746431683261147770713917370370178388445118414627373894886184892729463715642345425772,93
014111317827401530407823557693854144332605427411721893507650587070303810453844244062812714176,93
821025337880925745447500998629353088700323932302359381749978377621337761912698388701491766380,93
582201404545948991755785656826772556168715533507393732286048750148179638878177902973710072080,93
041120087775315201764735498025577528791022802899592637996719917527232925812323360233362028247,93
221356770032598802879249993785791758683596769814300751938426021379110526428092583891020101726,93
586358478419311310691221845571650424743717309703006991267491931790542611245325431155775006831,93
795282498110147137991746184233239913142176937419438737702002343065979819797156406465479566564,93
315840299739183189057497589339844814613548337269521670867321395455101399062493034265497611715,93
972848903740764520880838175246429176653704228899069785714995212452538701178163415806547210456,93
971215342963453588125635845179416106126542484960705810234994995856947597398981450177302748206,93
905817741677020019356423129492563379171060182812431549855404527014740573847338161643470283089,93
485844022600922878852346016973181541862592225063240544197852178473341170669055874712498026951,93
092353374157612732343487012046864998202065534388213732196228396420909696650317446012125983426,93
376223890339919390124140299801276375624160558046452788121093061750370747836262503518540670469,93
812057629291831504352344599346554816413058844809907772815131512720745119328631198699381097072,93
730651978633957363185094872308331484471244511877539566317150822762300782727420750770995287193,93
348125462985593173712992161558511003624771005133751932844952286592951925796640901475888664054,93
663878406863628642529910994073520496410247847703789944810721957543555137414512365386985127288,93
261221629771554043380134823095738708617176806446323482845295114715171633122162818888047279334,93
363463229454619690066700724514065469042770124535577086605140201782934260210198857739691672470,93
218512151357784357292435812256165579691392158840635727390643086901177700747948396644681005385,93
014818606926784435491335031879593545700259652178436990271126861887563532127587624662719117858,93
965149722640558860493796826180069939353271926687629398758309759971613726994922061607804278560,93
233612509585772894021847035587693055091956314409351475014599098862989914039112196459613741994,93
452997553962688444275952701144405843375696155086407352649983130300257458678625529687304025726,93
383701986138379252481716705913548932956766736185486794179374546705652008777135169662469594806,93
869048977284457372365437557664866625814636725598582832783883026795582731504150632890402905472,93
213023922927218639094667421580189211013725444551747999658576029331872060155830634022203766152,93
042529369841356603490677304346252725431605537773188780189492725879422282476518253872589797636,93
691612755120199878605067346615750409209724201469885961562572824114492101795673941082768518947,93
816136388549126032364658839228791405353951931839915171707840213765325038700146216260868339688,93
668831384054460290229128577073682416585857432525763155467100058565321343983494723240033956828,93
711777451636884981959146698410499496165475284797173896061633931432380802103024489670554577125,93
887653457426973422624734818507187232823278008470738604702745963062295758594898312087013844484,93
296338513810644037315082009944004516341510739350669160374043772318599917098663056535839298981,93
892148035785364117514704935915745246139760361586802369986859945246595656349048194842625238636,93
790729273326911554322426799155651114117350294742671432160845996442891980143087920784449363767,93
745573608551528314027020051123559748849045349382001716413870628142096631436560784099541200486,93
694957716665805450763904799936417517735245020975850720024776343518949137148051574807199479282,93
894570029250120917018161978960914940292478194360542902493878316193725346189449839254925197064,93
965368019796004828351459703929642146540818676285370260346537724214723256421538138310956003352,93
499466630717064118857096374184160772699057356408338440922526326421709468811773595359951132694,93
130403087876434994392237385840413986962201047595814270006565985169456878437654514343883422174,93
6192508704903572333170191145254057358167689758884784280208442130497447471856396668417479068108414949906,103
6267467986435251184371165167470576280679089224799759869549018172572845504834781441478254790831676381866,103
3518725873784525085001980315333150074157243816978662799141534792483605487639933329468426997089122461306,103
7919329438499852216825082461732929968278482306782452572939829336707950799901127490126708029860110522273,103
9144300205680220350997884953835295248929556366341041804167249322905184692480986928827922516282034517777,103
0376339867109068837254256399159955863999110217803581160436447497942113718602287273771931553034859317026,103
2239099549408549975057147365931662269485661817835060926436587103532835926882314856468946129051827534499,103
0172865905214659666432656237421028499799427810118732187254744969710927895857732034137672475510571524118,103
0828387455486623451298368731551258867620895228632865346954191839518420927486560728197596133035347559499,103
2015308781789284449190073502360095062309713331307415119836830303020475873307074658245722398869128872235,103
6953673562680188988605429346943397951064897312940317941646402565386404252623168873357253310442281862567,103
2438321598126986064522976830793330069301764891663386292469395197964797543708327727721010283001788363901,103
9178012404024067608191265412988445203416807997554008938243164885054243422186833039040268821511535740222,103
1709465198087749953949528020765318345113901273207968909466528746733759323227340556139977575259559592435,103
9075024348663705060988337761959382766644019896290677951164537755736596687423457368440008850264747479899,103
0785737424700449935089629762976348169674230853646108007305152201259328180995424795499616838558273890820,103
4021168654778987944060268843523561224026662001781311967568236790275196952488179646803695312363248399161,103
1777333483469986615049564813086780342775246744588961050227013722006624092161629813782479595557355118129,103
8087779764710461574909701908284698900295513730145283814678115839805779620279745831295175735101491321987,103
7471450906153043714001892146915605801161684375094765010929898274560110352138539927642372836820975210300,103
0064354999788360321984552551899702265737320072222094032619972966560368020607679243827727346397752649281,103
5951519580294166943792393679660249555904788348025411667120493380809717967315042283257373591388638549653,103
6153109887190104205102020247016884267808692584612477810488915351238809579102771694791377869608862426780,103
3143247771238230555508163459302891928060651126619895651277288915472957900922550795571265295570056709455,103
0377298631960552621158515757805486135760677490152526784843121381431594876722768865946983551312990652529,103
6990471171635056943926308313569578456917127914766695510573989337247574105182815640597281713399917401573,103
6698809011464812148333126576101974436574221526050322294880440202388004699543673256338906195246189977935,103
5215591651507054370915903614825992994848199649044747973592642227310284309855462890908911877663521326157,103
9534430805274139482708131600979976086248254404386912926438162605821773368978872255338297446355460267438,103
1050128913498277684260334159355618319030251391032889106023199495930020053045021342141462157735914317764,103
8938656129576807432344823077096382779446278707665792225651706437237921147795673497466205353321371278750,103
8347955422579169323897437898231924144656440015550542719024764022569370097267125943073886895820795077814,103
3003153422523536840877191667883424190252226331519292196021155737935012796374635882289172577034937310750,103
9816513022903404611926112402501109930459277349527820467361271338890370006897226270890986713410349796713,103
5970226672513991889044980978668315946221886329154724598065407335163650004878790508769121658217492126796,103
1082420263463678330541542157703668719266989784634128340670723453777622541200545176653416180809887012921,103
8716869061323902866481306775099849605965336792571291899702266799031540395614875006805135071079267252963,103
1067438082033097838325573390850078838103560363652513276489639523102065384366254736400325423990563824490,103
7115281673920389545827151546928925025316036661923257669322146548762756293603540570691481243468619191005,103
3041603718747747841615664369012574752060487066976926646837548361164166018507554017219254256192713173006,103
6641108421157910486094163622748464493405874098653199125164955229066548962239145048856763882987921265722,103
4781307284640978623550874492413349385419098447207628295135395982718131019819536537766240839788991484413,103
7302148554637542872843659183677141519294134340670667348399841637225582310261780945180203340065742757696,103
6610783453737920463101518925799988463847552178946215703520913749819686592264502707724655420586891187887,103
5800588327390152878879505620375507278935733898461729468280094442288629299246327584204183416329845892790,103
6469899929129093574010363581606682774156818290624561346141222826522415101980136211583013460428009816012,103
2577663067955994032114793660284608479743631428615054910880697968958065585559514454527281236010531500388,103
4569394444863193506670597960305249443104900542635233848817620685991468550162878728485161739211704509448,103
6071255351639529574949148912032668872748474546748206759013178251306061538914617055299753624187874168178,103
7791153431333777765980319202875654775077339242546785711033717349243576344654089635637701760485531648099,103
3197026757721932823895946013144121644199832559320287418135798937709718380898276507165783475656284960959,103
3008685380669039222827559552077874820817525540430161277613660134830996421272562795309862169574500703209,103
1837403445163904104935480871365618723258800030873521634452236646644493785800752978400440328442989865933,103
3239118314009636938869356509235334616909870930633768696225862342775582198019723259799996654063249328802,103
9293239755598096454502304636690720559151009718211013725048044834811769719818934105856248809279477217413,103
1621240890817145383361022646383928996279133327492702217051878478592390120340871712317496387755278300902,103
4870879982249105525052845367149747724482122901532659777929758378143365623942180420527975139543761850045,103
1947178555821281611676907796912151933073346272509879149346748596990683179272652678391696703095645895095,103
8543536709278265804465111757388978492692588944776363351997436712375630317993644964046872488874078158946,103
2564939224650182337738736655512845762020379379602588336520255643455283242496704874262663380697939875545,103
3409653888243463730099821667446900872436435232847399180203113600046724795008831835013714240018662058881,103
7233718028637239974097312585485455095160538384259777763645901770709096405508330238769972992913841802054,103
7146114167727343932123871325470380205436143108192101540315723501179102475720258115247973340052915307476,103
6096120104028138450424690133012101022662739388298607995241242048226187445089940848620328340262190613547,103
4767202551764492388675719380987534355119554959625965250471970042155302079098404894132324832327913783900,103
4398969904514777029728494430899311978107248866500900626247904018601124851718388611184496624051960091683,103
7794667026717938979299375013861952690842071882578637353328818146733408735439611498446830674337781506845,103
7029079373565715917290321854065653867878689144249026643904867491296136979377876030007330743097586355395,103
4215472243441562829445288944368169304381366618875266292325982368874559862907935493237100862653157032090,103
7673057938950569491790256180933881463806259338549973611864264940089038473801099541375785334471398567984,103
9865542328674941289350910739156677057089728563147946642552835039778652116653853242018333458193819148819,103
4317034845697625477640156319184344221631105041210054577567868128306209484047423697405379349553798329391,103
8859076698271071697813497466536995791938576998800104294122028799233499221204165382993458610596991526847,103
0050958898319366801564969102058639778704618327514629406260992904845638324910518298477419578919197004476,103
6940573932984648200393650315132661368806700623906517442353959359057427784516502093918230616851968925894,103
9146918107972924910497375349424744535731002999128152276719313612417704451249231010686472267555070372128,103
8524452049686688311730620186535488672204589065844772988158736468148813827594251789068364064094724712920,103
0010160451601428625250351633293052890555540425435473138757023318177744070451429617004051331932046650335,103
6494163634248677392872547474441080797194748503939149629858320145601659410281774108119137264974510886616,103
2633598125343157586554763451628568625471199039122717178319317871739349539817767366527975354468869629400,103
0957496036425156105844497523902456589751098490296308421471420050603546981104911895177124197317028223994,103
2983473801248119263200292328985674653868148423592750800636050296752724295948699636727502249404029628426,103
1782487568770514379561837645542384833966261175029133809367963691777829154080753082103082314890127991502,103
5912658894717464149304706999765523115846270371432046563478618271606140505142760599789035986953992746597,103
2693159612262962457347531916899363152151976946899297441119298236313729121757350428418716523306975172394,103
6037679949434619838159782019878373030695249048526459672204307819447761047404048130990579667164695145831,103
1803283733589718742839890331062085580457433413520462900533758540184696467320440488878725426998977784145,103
8008388843843474511420459417586935815107559323636034422319477438662368136133123720115418022390432985196,103
2266422414331091254555513198093602049803387847645284773684147418075077733191328759759944477276823607347,103
0354645199974168106841594291006016584787111578581136700500779651787502807962134485193845893538858209105,103
7741750882970312668395686496131902299735076640176883114091752969893029429895623550913098509285044656374,103
1974633231199656337152142289134919220218169037981475136865428537088685596592379530612726124870065885524,103
1263462118231315507669414267773019999348180863589169794702779293709386158521473873877388474044012026063,103
3255393442619567802662591510606944209996547076863618720991589134729097251823356151835152227703993445507,103
2689976167588169388838102775784044061844763121997069701094283757424497692666046331325277387973293378504,103
9908859068150834806954141495848079444924015015843352559945784155716278933445625280722000701277521782264,103
3646356288768897807745088374778770034031265266534099489521841914703552975167934472350389763226124226511,103
0593190401840780834258820082457722699292192077376913753728676753780565208847083327533907615614818500366,103
0173758730620386243469676967004666913630248024945727195712578012896236981522513844887458944900757601007,103
1087149293156836240474461548315955725000063262052297834528191162376350217879918249101640110465248334620,103
99007229404320974303522496767323475589622708599634283844026725033511788461163923009317478996240822610389347094199,113
08298412642474958102913654814359400716473153296631607106996562471806305193758055490936009574065924987536341181103,113
09881124658177318222393191471896892745067916554095454409035822177859408898875623097872681548327227268038744067798,113
49613103286921637905369773318070268977961082964139275274708558291570319923541224916481893118095479891359438413899,113
00406883297987757696332501734166824669035165780965152802502288244033005281049732459717512524646522246439198594393,113
02913080024667787734505593244657049631818998385266416850546462167409399222895356977592162037763650367684912005308,113
13584919495587010937156619840285197073531371669799038249307079337819068692678690381874276226360598371574073548899,113
79576880974273162012979999275400934574658322108482677867189146383308117374676867431427775979874725313166439373985,113
31914666599181738393875154996319082667291065096829401432677629540838579071453447639260410717980972139820394943885,113
90639518089934887692025411383303957480208029707041012755141621946760957128481023031157984713436782161474506915032,113
10993147565126672940714924867096299270448995507267189545981440759937047396515385204477065492701021798170844982734,113
53227313398433386087479532694262309832214022412314033028729829903365732228702184142055490982247898879567175879842,113
61423834815868973234470086780925800074818543316857886618911125884660033374106114490318727039913356614873854140151,113
23277512910801911765626665604862344122909856477187317922344806057317691659625824848660781860470452149827631324083,113
55087242494433594030269632707860333434764384857351987774783701586288882613281502322511048184131251343831191451313,113
72943856338644320954308022383749001707000937268576632891169068682746774965377139948796670824092518258983566139334,113
63869665332174918366974568660551862102275821403049551645895911602710418959644919438625387421068044863554278604165,113
73459198142444815479001161163433350492593545336500659696156804557034663409837954370716084380971304193816682677863,113
23759759400462838976123978532402697089801286010416856309546432805481014184784641137040305439681821736202056072477,113
33026072689224262649049996937571799765764593586283871027456536398041453252128114651601860285345749496300454648846,113
18678634361082529704020661031371481233329479698782730068742575637816280352797395394342196936078925912895253127697,113
40339496733524327048536898956654340715488849210721055268067259133022950037887182744242669612609434177724278810151,113
90498940830676139833855554191310396355930970718954998014022152375998736983227384307917325434851400008404012938405,113
49849984870241745435198700233506805861713334305905383034128541417055723265048940629928441379100693762647667533534,113
83508589318193288027923877798891648505325017476697387458170976676249510484987794552134978203968550009742860492464,113
72501933078010875257079493549243108424183649009200791956323848718473823141380197784223637218519622225339736347426,113
19915387518527378215553699859201461615634844288148464034282040939278393550385363328280337846631266393924318046583,113
49168585456241046684906201111395004874635443956902908052882110124995806889198882395340915435892819401842213333452,113
46146661218823774922827476555037663435250890344657128924527195186710799249761685698554689733699077253980349570933,113
55434108929656404561657120880451927166997175400717948065633404729833543099137617602719579848103166518279953663336,113
86048074241652361338882795925985473113920558926800826505591395849617159384374450875875354798788660276263619070643,113
91418729280998406462693068215078014705615888404232181680699241430597889798754219406527724446836780903706767582726,113
53317617576571936211563315741166940749131101801419358011482834937247663514190776193831697398863040152280262029274,113
51747472945420516937982516153325886090067636876566425167364968697116764340257463855744122260847460442143052094665,113
69663604991989571844632052747729463434091826976484683451662370761747107297202023569039413381642063664105660324173,113
58438002479310730551264266564097100998009180020365585978667389393036560082358604831065626293832163368091000647180,113
36728460670379612490939522061063931384256157068978732459944633900381615822579307590903200161383111484939922089668,113
82251129322586046217452187336689222942140745847955680739868662311755710837781410403659354268352384113320911206681,113
18878762547681816483190998701764477352641715990974667480005454990827138603261738314245732674797553099655233851408,113
15025613627119666204345947991567213946093343861496589651347215051922658040825207899080738151495500552777528022390,113
92489811139764927641322307551235452414665077525543292097571679972632077926268904126059583826079041752692555184880,113
63424215782426047022567419703951820605192589905568294495311764762331194377480641822532201894295762483580504746386,113
24055126755953439758983564876224996849560030268693384407141869348549584519751156609380491256200222096267305440873,113
16752176700140824073194918193557901314269715484998073154415141485147336445112066599865116776751937404448333411023,113
08162979996530767601159906601739769091605474200353378090574705654604385620592110206643204045710532919086643167471,113
32928189188696689727450030756265298018127415749628314500363153337560253437682522461863989855854677203790883683497,113
80288378540662299129897093150585830487086071236594769445415510571417853620615258913081569798507474538029713941574,113
36630191801148039053116004568625494705773314749667339288579848002029955104793856869523909590404266877178019659595,113
80743463782257287568123226751336599914425264318055533920705270252263132969610192061897039479774967843452390501306,113
34830503857151169549340438764322593568695804881086433014423296059000905004744811437119489579562145080039901643978,113
98102908385411615153755344572227569159939223133374088884510981364944740669098892083423082814567723678667716532654,113
78403315957072656326733423743901653713636888252510020341064568733943729672640731737842294462821841546362017809353,113
08104828865844659193315986123158422397693575283896605159901643866404186721768613483842752135921891571068735245556,113
14764293585219910289021131054870231245578866782679007591988748784891026765778606986256957206928658533742205321515,113
92817319348322321198074338503460771864096829432926705937807918928137629424118130281399681684811161660321260546982,113
44133650240290514302361026188279791849590021655095582873031029593220815618515294958670812013787376759149496330066,113
25094570728900264661348801943459050200728166986977036883372486274305405261439850122343632992482493490162998193492,113
99186330953835995972180232488328458039135175430067971252009938917778733860927762466711206601276983489280906149981,113
13100118346916216403877533697878488422824684995317953654926017741591588189996442182006067329390714427386700074432,113
99937394406943916170094222195581105099911638138798221664532090057717382858097694547205644210490612262618754270345,113
96988336612164405474357013813164498215952573132286627363131050063573000203663977158443087218060979362226967292429,113
31312148657310737757754335721091662153861674413686123829820699026334112878791259110779683321443502606883918985665,113
16028685352990732826109929471714178993218052096508550083996898837265261361417952870844955222310463044209614043795,113
56412025549248471869717466255581403658192512859706277353089013813127897833512146169909606248895891885103087637568,113
25347799158375632011177514436869288174284248745301927721217642032280538283695446431373494870260709017936891868692,113
01465359642334059472112880420611685950994560109478504645989619647554786489656612909234296692156008204301744122258,113
88931516563001516885041636155537405541519364661471008895220977332889620789957538418595917570518213480940622034525,113
82488684268684461852724714473540146051455907162075778724266491227610432229256717816440383903916614631899788761714,113
04513542141109490122288359940157655495202461105953375037461864940807857020518441125601375768004950762208774057939,113
83929154815076918806203485265356948260537072317528297871887298776261600723838956855816353413539250937089769038580,113
17915706467592594049404332750034463734735739583624839966318274606079044989862807606050149468661092963337089487703,113
03980156332372756269895628836804504086394827440135738245484473627767368856693998649161874036039948592231953305230,113
27522553267404770690435680985576704140442052409097679048528383403505285904795064144343959829289910495305153078265,113
46252074673402464612464565054970014161187855055982138411994135926332900092142108880934450331282887528224778605879,113
58718031809797321431006507697296064097660921184296828326413067745827722845616290294454210489880125028388027524515,113
93036629944176446069525889425037616278729030945240224365674031136969690805679220740417886570311786686226561921322,113
78927929181562927961058874715596714424351363252135438758906305397957341825957710132045491949625756981228463291468,113
76649769243539605330992523737342669275196713506396404814821827649384272520391086041987087524476330136391376369504,113
54446654830735429022544891540303479291045339388908358287862441917736906320448642127713566587803828973067555349028,113
52753888915087267303049585354985553338319410244475098916611110628820663594615561837678515929951498241348757687021,113
93852577696839000590438977784988153913034478390730803909796214977539843622134601410245131561805955120195883594969,113
36154703395374891599161822566693099141114302600566377340984581090516313037524040073270697752048589475033266445377,113
37880685735367677335161436332180426043716318435221001905992648605944048206833905157924366011357544942396743381090,113
95262490913834106357743332700232953210193644455704293042304939722529187118447523216564159355744087032018560167590,113
85757054484985667796167484251058794419835552073045502832737217296770721088262211832310755898159253117304425371602,113
80203914849626183458384158678269846165744855019088391088017761145683517750212123394050228971664915713798419586110,113
01822231903993387366740285377733901103700579587821108956848197824525851601943604878906277000647818895186927026527,113
87541755695698086837697044433737097188453274426212386798592611072688951128091060742378166677675185903148781067445,113
52178518461983790575274900317562229319628257113726576872537971712292810863550214156350272730769211958370315802110,113
94212460633175300195534098236883639939709715706403215127215546391896611768896954562320738839355329021204386365391,113
64162190388466823347624531866552943222192528480049007173831278528999368721618400828556223732027305525568905634016,113
65692254370850973478793267206566052571024145958783556568460614088322940876658484510443413888324897918297918280837,113
99879374862635149653666153348580658703053746260967578828972437474907681783782909157523224258782989772614815737941,113
46447929497197582008084462775289493622682045075922225159162995345469731094002786255667551114902201779368861609637,113
68937089835954487719666640796038006527498523895113804154598006984835294689756317395972306988314220456073563966097,113
62635272210037381168040967831639819641008790296267696837771631051643792580845043708086391722752668072583204942563,113
18165399886544777699915627160618916997443665678495914362771774115072950285912623770509875506728178911683846102232,113
18011470912056131199699527923853371917034442663095238577562949053177135611801640639586321302265513202522054901120,113
12333397533188230350056341549838777695677700227583796634184387432064990344213193659888892482379406822710185769773,113
25818423973291285328424122860921896930975188088693887265582815729681181311403821562363635478162251769752153168842,113
174140749940108774846086689868533300687535174550929638341307198387852873948643501256141343813732324577303063025344628758761,123
761076184487094854700033683451785969071054483405806457709958971794431069810211235779797261092737565553445953782317355853379,123
475900704387988842466487193658846414926700951995917593241212485203494999168231449908006530212832493534503846132632759167364,123
766882664112000567827129336842391289431480823593169444851514610886603774684719116670131944953007292108020423745856130729682,123
742625428958944872439774687873942593454203996294786680138904287556818212650438459140625366816487988124898242685070808296855,123
516665008844384592648211662104638953760871548422467675811423278748337931253550161149383917821791804236778771061786180204389,123
893417229714943410525570789824642919660061196262369878461581979746647694265934598853531049889905291576134931948043721096600,123
586453551714239833728418525708716475565826343940858412886240448896468183160700246062452880791275737405689342555736295984741,123
819386442098653678227446441552984185414885964649105758218438663909851799695568088398257980937125849091168174931421075001781,123
306305106535296351770842579519749156513184304532378685679929776132134785727568203830766992407924416328324973514512279899652,123
181048430954927875835574239697948067682818404648237170862797493138803905777602561151049964490613377727655118808872678629383,123
173906758083927094607972497572778742567876277245410686548434451700799929856437721066843331478869752327996433664358438374864,123
622655199736323614529004251317287569412104845102978194885394157739290495473734491029137757783673691523800461517255504392366,123
980370589131521760585637929344917891543369188885675466101879532217695327583242082641629127146937503204528767282595822109536,123
062821584849975153516357719869098718741822063724854699284198556781898963761275338097379340139133364822194355715487008056947,123
348876254863655258255196329285514552644918561716012972429864692068824555651509302041591083894877043129271934882646283984316,123
823532644578145706370234488713185117389229650184668565985628924369594897136514002914009429281858329487085326176943759109372,123
613088379873617314896703285338149706762000943843860551256710420453584990821182623129411061731564385374594181697205523858699,123
461707184424569072888089925788318125254568447391603660911224934589169597333143105526795811956640751054212287332674714088330,123
763836906871711467627265974489316763713965085762461424089894579951784771234618105298236270398355715511955153257663410513249,123
561310121160943223241630956505839672259748110558301948920403607518517075569105493292730831979509263586714008493472905505152,123
374328199389599565277131542095246647530374855947535423428798669794014053603597486268776888759967862370822104637134963104678,123
141146980581150433705849576259833995734612141114062680472615791367705113898798067711406222057519676437432140638632035790239,123
788810559886784681519481964174250201279694068631319480005362643693164650968629813858762288151456078691138202758770668156057,123
411831756944539135977136571300556999301099839804148653192065074256348819348932868227966965417279421728390530183460379019197,123
302216908689895451686113605847250769943778135843496962042285450411331236815071834491440994569400258136542311498485807366963,123
308935369727280940561467146992022747046925410068577504972198596202207124250349111651849103310594870884969981697056142674428,123
221351755542544982397282775015771294114749929641929064203369372708294622986808630286359454578544768300056823089270021779447,123
335607217724100469305595527143301519115618473299171519918678612992455803066196693374145150996682994905493823810926361793791,123
430589528853150117225712557557259893898418090748195261877776251687142594146875032622560007614843439818472671177068254108196,123
685926815111314566062752184703428857285633856047586264617652302414754548860264211708521469620152303648236526241686180983951,123
696720171337228328056609594782110451291965291737895172105045794713363294187782165792424002834097341177216863078073970459247,123
866649990285567665640813033501416782911645771271242458173312169644990912644486214793341807383054580509957894525096839683271,123
609848207418696337520816648352821933845479753574203834405583012049733066410130388953872505677134784483612170349636972344510,123
692149132810249630214567128462537213795857466132412593777381215854252637125774641559745913839261044745014407427421270274616,123
587942197312173556356353169046672593219817329517132467401606523783109648287614360783858215987655809749776313305209866104668,123
033490953207046012616826569293510437411874816825256007184342462986009008838909050707211162224894257769192068089894891314584,123
942912787486181878606420740459819691163003854635687902801553702583910473027032089125919947603942622662513423955974170326552,123
579635433704620730007262958045771504314316093335149750117629076267258714740512681020294111941380592025470207077356359423826,123
111008263068839513327766744102310630079449474000782979987153648498343670846243067251190219710088405100980932714141796467663,123
147977967653647729910590585255327695453273358111316594361834441052254012205802256974636597593652555969984756636814042242463,123
347216287734049527136663982319541026376554867701586323033686333195111076708655974136762582950448304836227344978151995768849,123
137850057743802852249247699470536379028678858694591798668645739883609018917981966261108906763018673915877644900626694171540,123
435880188915587452436033558869677240939640648874965397201764843237128939406285295733421978550593715051600577008601244341345,123
597750759177524400926181230170431421766443769300345593709124723953030917433511261804327809294103451867142053625925661381878,123
212695976402140834019398882597468976578825815465449299354636591160100821066444048301498368849134041005294635660177909687803,123
674151932673020392404626092439698341642087013002174473502703161052432748088504742161526762073857743693796905226613203636467,123
710556687080759969619097122302646064539432588370941081886239342641196597928375220388968769400009708294074888920551818905531,123
318669525141592547159899601982399279319266369342707022458520939654981419897595786575011696091197977464720559744027613311748,123
232981790127390875187787668013904344944672462242111108428358192898851586471402321667609990996069897959033978281026329324472,123
576039568534777004268260080784139765551978827914271310191628512181140026543301048381980483324820274640377706579088686202023,123
342995716482737849836451258224417267176535690824415676344201537651464644760764543626855699969367328778731492156848794873984,123
820879915128652589738550713846534574078128498372556221498097449940934317993294975348965075793890930467508188753973555042710,123
981674215051831191186515653488553464537186621353069864948082541544908818700449379128384510421082171515697949011921507658045,123
439435569399483231034472549269718886823809703547512136709453222509861052229897222911596032106881478225524950803935491263242,123
139737256093128167174255429771284442534093482373038264294070039224873023931314870084671343292845757084420941646463905967498,123
337256968042900147695570543652049295009673746590705993640295482616504635312567034348694164339178573161704571492583667696393,123
500884865749737338281964582524906903974940371439665887283586687504588538265829535434838618525153786645034449170643301060551,123
748587395167625370081662341185124847245421263455070398428670448269423357608185701486479455633764664238057962822549905453162,123
818220590687889375635061008098412473944663901474593211065989382763179455768627868255222531895468170603832819801586445556068,123
095571462441057053236719640130600721342547727036672760635713702737876315452577014938783770926354599144563815474604119333262,123
200081744627417252693088510349119219212331886407243714434011084502796856250910219566910656065123460867291721175240095853497,123
868502045647587974244138312847941719635195263149733581167430845086874816563726603664479150691260311215617251431919233268547,123
509838002115679683904560500812070816576752156069921090453085400157361980934375541593119709545382619942843944953962934331387,123
131367693253243466409380678267682526924586694301876805434705748470926167436348285986076234652656570882320463895626126002006,123
704983779455487535569286628212940064646933987491352232138523915459389773824785607588893266387938639937839588389082113636252,123
947137787441876619268725330950327331625703571889073255472343807192324997845155820421685940708826790983260981676462890979363,123
386463876319217491473749936363345972179664747152801365177280723893781362841776809523898225434902565184359060792986495544840,123
892118338760178796550484964540756472708437503865660917898606316827024729865003307185796415770154814435055226099874112917955,123
055545103956822301219141513222226986722347855390426224807852297575877636125185772568294113178241021175216470463736885452995,123
455519519109462811584413237008017297217251554111692193719472590729154633513670336778975693427803868939665675424651975520951,123
079376941401124269892919910047365945079964702879912036355559152012703306298252030279177391761965448208509470290978914415182,123
012582281513407118957703565010611684020777471775099919907410175643899842017116965300424588304558149587052779598830854079416,123
690063113290637059212984686487960031363963990708075663528859380281433276925026527264985305980620396599026848494704975840218,123
489358117514212359488705445622280676915782816584545899168247462534869560317385468958596181995629197776331401111261243096814,123
997733201637955776038865977755768242391615166928071213121816382027279358260827301226943092214338145519173785387506004489824,123
992589994380545891480906851885610623744557001095005328653503498238530913184680021187251125378486763711235489556193960912945,123
587979303079343652821792992242630020040946575353074416640246539204194934921106803482602854476649470876064337840250786990804,123
331694323338608044547265780614088622437408395806788923813291316011658123223247019919189878194849913615510732302316619301299,123
133798535664412815002682308582832476421011495979007787081773171531487745036948696314470191229617001604652761085222842457300,123
894000065051304115157227679501026576229468402293690321108562536489233929551339751328217830103760650741647974853581420582969,123
232085193005409767500947668710535616277555493291468551695283072932971168134617181684173851964326538795120256072065097310244,123
902722440910324940481382214420454135526341017142010495858685620526260860594194518688920093767867371525177828376559927714933,123
195952546816318027658601679645466793232224394097266105618531322828684283151684765218467386751167682187041333204609951801765,123
397607388609127575577064391690252229323989761412322056018514130476738283966518822375081578901810587098386849753350249991163,123
525624006700526462315826241453266405514262118976287443328017559174604325335314311243143212635808907116081240363688454516827,123
501468817035926596206937160671418705825792449640150687233884616334504788876040341858404124049928752706009341426758854021801,123
010384910490068096499870689312477688822049481261355885365445098744777976725042059430877028859810656318601139642590122631335,123
684424870110461847577675903371541313865985610202708162357601193276327086888418008922976196037419648752491749156035087874498,123
019409711048120754740251561478934265041659298857349245950148080772239041065591339660808275364174810074368008553951445928192,123
142695538692928246076788994574498198029497932409205417431967511671007291344909037169861846376511932073018184519566313770399,123
886142130174453209817351324636885307562407398820247778532330651256312787109973171935314853176369880658064465550940262608857,123
429036409794606637833168388712792618824861112649393368986447522353755466310700334043954260067011980835041434143322866729870,123
283769747299724384406469647113297185123828491976208562475052149703618144337050383067095968620772624498120620172777167919000,123
468761155461576133209158387745070234811736003840119389539185718544799317906103524585651874352488718498830542166506851100981,123
647596273437781958357534143357979083948353707966960360750026514177670569378544910899871916806375703552494968208133372823470,123
424163018248200227990435947402818449304348054878141464562210461290204432463728749575240652799712479045119147289799912480749,123
735056052907716843438057363211567651107027689081671073364856745037575390824992953288153754841301679969031741885526769894866,123
761713266195034063578818776573256727756720305646571632197713540062685364869902878617921406221955909794942041998023143738789,123
910354648447474659107455867740252683388826169559338528679099315394300457532281549365982078591060657999468341586835691547887,123
